,plot_no,plot_shp,plot_area,basal_area,volume,stocking,AGB_Chave14,AGB_WDsFromCATrop,AGB_WDsFromWorld,Name,Area_ha,Shape_Leng,Shape_Area,2007_count,2007_sum,2007_mean,2007_stdev1,1,Plot_1Nobiomass.shp,1.123935,NA,NA,NA,NA,NA,NA,NA,NA,NA,NA,NA,NA,NA,NA2,2,Plot2No_biomass.shp,1.072981,NA,NA,NA,NA,NA,NA,NA,NA,NA,NA,NA,NA,NA,NA3,3,Plot3No_biomass.shp,1.023887,NA,NA,NA,NA,NA,NA,NA,NA,NA,NA,NA,NA,NA,NA4,4,Plot4No_biomass.shp,1.027183,NA,NA,NA,NA,NA,NA,NA,NA,NA,NA,NA,NA,NA,NA5,5,Plot5No_biomass.shp,1.012452,NA,NA,NA,NA,NA,NA,NA,NA,NA,NA,NA,NA,NA,NA6,6,Plot6No_biomass.shp,0.932226,NA,NA,NA,NA,NA,NA,NA,NA,NA,NA,NA,NA,NA,NA7,7,Plot7No_biomass.shp,1.170944,NA,NA,NA,NA,NA,NA,NA,NA,NA,NA,NA,NA,NA,NA8,8,Plot8No_biomass.shp,0.522302,NA,NA,NA,NA,NA,NA,NA,NA,NA,NA,NA,NA,NA,NA9,9,Augier.shp,2.503314,16.07393769,149.7039872,111.0527884,163980.9706,192711.202,157947.1342,Augier,2.50331,679.5632775,25033.1379,42,1.68039961,0.040009515,0.00782751410,10,Plot_1BO.shp,0.757182,12.68135556,82.03630938,653.7397878,119521.4606,104094.9691,126043.3349,Bombardopolis1,0.757182,391.6983012,7571.817938,13,0.249338234,0.019179864,0.00106040411,11,Plot_2BO.shp,0.355794,9.677133869,65.25648259,916.2605328,74523.60732,75024.93704,73383.24924,Bombardopolis2,0.355794,332.137946,3557.943603,8,0.203372711,0.025421589,0.00247150812,12,1Cuyo.shp,0.904163,14.04641161,115.1416585,179.1712335,124242.1875,140629.6733,126007.4032,1cuyo,0.904163,430.0214576,9041.631641,16,0.564144099,0.035259006,0.00874494913,13,2_cuyo.shp,1.061428,19.50883049,173.9771371,136.6084181,181198.4956,224357.5177,176507.9434,2cuyo2,1.06143,411.9684706,10614.28143,20,0.720000178,0.036000009,0.00726058214,14,Decameron.shp,0.545582,13.92344983,90.11927395,703.8355371,129749.5275,89454.16704,107372.9998,Decameron,0.545582,308.3698079,5455.818163,9,0.439402837,0.048822537,0.00717750115,15,Deluge_.shp,2.002474,7.879645759,67.62958877,69.41413472,70907.43879,68373.24847,69694.3013,Deluge,2.00247,571.5696422,20024.74008,35,1.630205709,0.046577306,0.00483984716,16,2Delugert.shp,0.797335,13.72995789,101.815838,216.9727906,102632.3043,98311.62388,101880.705,2Deluger,0.797335,366.7033953,7973.350541,14,0.34431542,0.024593959,0.00830754517,17,3Deluger.shp,0.701758,4.782202722,38.46389895,51.29973581,40549.1332,40002.36144,39921.89964,3Deluger,0.701758,453.7239599,7017.581475,13,0.420928022,0.032379079,0.0012045418,18,Plot_1GON.shp,0.645644,7.46095046,32.99617981,926.2070119,42763.11345,41569.48201,39543.83359,1GONaive,0.645644,331.8599851,6456.443,14,0.239891266,0.01713509,0.00111135819,19,Plot_2GON.shp,0.859093,9.652047035,50.05452393,828.7810516,87355.33844,111031.3667,77396.58964,2GONaive,0.859093,386.094474,8590.930513,16,0.313758578,0.019609911,0.00527674620,20,Plot_3GON_p.shp,1.361225,0.403124803,2.035352837,32.32382597,2244.069591,2569.573928,1868.670314,3GONaive,1.36122,490.8135992,13612.24765,25,0.325158373,0.013006335,0.00182977521,21,1casimir.shp,1.931061,8.75937964,72.27887637,123.7661576,83652.5452,81914.87904,81534.18095,1casimir,1.93106,554.6371346,19310.60918,35,1.150783267,0.032879522,0.00210475822,22,2casimir.shp,0.824874,4.295211249,40.22608274,38.79380366,41996.58474,51999.60119,40909.45006,2casimir,0.824874,374.7981277,8248.742764,15,0.230889879,0.015392659,0.00298575323,23,1cobana.shp,1.244768,4.374983401,37.03726623,149.4254351,39771.60123,33242.86334,38693.01002,1Cobana,1.24477,463.3236588,12447.68323,23,0.600894272,0.026125838,0.0058360124,24,2cobana.shp,0.607441,3.455190256,32.45189664,16.46250418,33931.50856,42013.53334,33053.14857,2cobana,0.607441,312.1019594,6074.413534,10,0.102320596,0.01023206,0.00169800625,25,Lerochekit.shp,0.452314,10.77248852,106.30845,66.32560566,116223.4096,124734.9591,113039.7286,Lerochekit,0.452314,286.3327503,4523.143709,8,0.254775362,0.03184692,0.00592918526,26,Pandiassou.shp,0.456313,20.77464916,144.5217709,561.0184238,177887.8021,153530.3744,168582.3363,Pandiassou,0.456313,282.0141837,4563.12565,9,0.437922131,0.048658015,0.00256384627,27,Lemer.shp,0.40135,29.01587029,249.4300809,259.1254516,261901.5441,257830.4401,256572.3369,Lemer,0.40135,278.2453778,4013.503491,6,0.322052788,0.053675465,0.00405827928,28,Marelish.shp,0.51009,21.38261089,219.6660114,76.45709581,226136.5254,223402.6577,211192.082,Malerish,0.51009,295.3412018,5100.900843,9,0.354422681,0.039380298,0.00166118129,29,Campeche.shp,0.870332,24.99784325,192.9303338,322.8652974,213964.2192,225702.7286,208774.8535,Campeche,0.870332,402.4232357,8703.316975,14,0.635961168,0.045425798,0.0080661330,30,Lemanguier.shp,0.924655,16.60496441,130.0719364,161.1411824,138401.6958,108377.9726,134901.7889,Lemanguier,0.924655,405.5472624,9246.551162,16,0.835365474,0.052210342,0.00199795931,31,Pewpapay.shp,0.628439,6.65717985,48.84906692,229.1391846,75996.64382,53160.3001,67587.20982,Pewpapai,0.628439,322.3508838,6284.385277,10,0.579956491,0.057995649,0.00935065732,32,Pewpapay2.shp,0.891474,3.806167243,22.64952514,144.7041641,33944.48414,24014.43582,23887.56308,PewPapay2,0.891474,384.0224767,8914.743469,16,0.431883623,0.026992726,0.00934940533,33,Rantnovi.shp,0.311403,21.08670598,126.077179,1281.297868,164168.9997,151733.7951,151424.3796,Rantnovi,0.311403,225.9363787,3114.027821,5,0.213607833,0.042721567,0.00588760934,34,Sapate.shp,0.569562,11.94310125,72.76859292,744.4316861,85684.94812,93598.16478,85691.67416,Sapate,0.569562,305.5194572,5695.620299,11,0.317691792,0.028881072,0.00187032335,35,Tecase.shp,1.1224,2.938390472,20.23084613,133.6421953,24085.14032,22090.14178,21194.49166,tecase,1.1224,427.4976045,11223.95133,17,0.250189139,0.014717008,0.00312101136,36,Pandiassou2.shp,0.660323,9.819446119,70.20903651,308.9397159,96660.12515,108348.2257,77635.19878,Pandiassou2,0.660323,320.835259,6603.228919,11,0.721434031,0.065584912,0.006151947